<?xml version="1.0" encoding="utf-8" standalone="no" ?>
<modDesc descVersion="1">
    <author>BCDZ</author>
    <version>0.1</version>
    
    <title>
        <en>PriceNotify </en>
    </title>
    
    <description>
        <en>
			<![CDATA[Shows best prices of everything you have in your silo/train silo/trailer (if you can sell it) and the respective selling point. 
					 Text is green if price is rising.
					 Press Left-Shift-v (default)  to display.
					 Press Left-Shift-b (default)  to change display position.
					 Key bind can be changed in option menu-controlls, under "Price Watch:*"
			]]>
        </en>
    </description>
    
    <iconFilename>priceicon.dds</iconFilename>

    <multiplayer supported="true"/>
        
	<extraSourceFiles>
        <sourceFile filename="init.lua" />
    </extraSourceFiles>
</modDesc>