<?xml version="1.0" encoding="utf-8" standalone="no" ?>
<modDesc descVersion="2">
    <author>BCDZ</author>
    <version>1.0.0.0</version>
    
    <title>
        <en>PriceNotify </en>
    </title>
    
    <description>
        <en><![CDATA[Farming Simulator 17 - Price Notify]]></en>
    </description>
    
    <iconFilename>priceicon.dds</iconFilename>

    <multiplayer supported="true"/>
        
	<extraSourceFiles>
        <sourceFile filename="init.lua" />
    </extraSourceFiles>
</modDesc>