<?xml version="1.0" encoding="utf-8" standalone="no" ?>
<modDesc descVersion="32">
    <author>BCDZ</author>
    <version>1.0.0.0</version>
    
    <title>
        <en>PriceNotify</en>
        <de>PriceNotify</de>
    </title>
    
    <description>
        <en><![CDATA[Farming Simulator 17 - Price Notify]]></en>
        <de><![CDATA[Farming Simulator 17 - Price Notify]]></de>
    </description>
    
    <iconFilename>priceicon.dds</iconFilename>
    <multiplayer supported="false"/>

    <l10n>
		<text name="title">
			<en>PriceNotify</en>
			<de>PriceNotify</de>
		</text>
	</l10n>
    
	<extraSourceFiles>
        <sourceFile filename="priceNotify.lua" />
    </extraSourceFiles>
</modDesc>