<?xml version="1.0" encoding="utf-8" standalone="no" ?>
<modDesc descVersion="30">
    <author>Sabzi</author>
    <version>2.2</version>
    
    <title>
        <en>Pricewatch </en>
    </title>
    
    <description>
        <en>
			<![CDATA[Shows best prices of everything you have in your silo/train silo/trailer (if you can sell it) and the respective selling point. 
					 Text is green if price is rising.
					 Press Left-Shift-t (default)  to display.
					 Press Left-Shift-z (default)  to change display position.
					 Key bind can be changed in option menu-controlls, under "Price Watch:*"
			]]>
        </en>
    </description>

    <iconFilename>priceicon.dds</iconFilename>
    <multiplayer supported="true"/>
    
    <inputBindings>    
		<input visible="true" name="SHOW_PRICES" category="ONFOOT VEHICLE" key1="KEY_lshift KEY_t" />
		<input visible="true" name="CHANGE_POS" category="ONFOOT VEHICLE" key1="KEY_lshift KEY_z" />
    </inputBindings>
		
	<l10n>
		<text name="input_SHOW_PRICES">
			<en>Price Watch: Display prices</en>
		</text>
		<text name="input_CHANGE_POS">
			<en>Price Watch: Change text position</en>
		</text>
		
		<text name="wheat">
			<en>wheat</en>
			<de>weizen</de>
		</text>
		
		<text name="barley">
			<en>barley</en>
			<de>gerste</de>
		</text>
		
		<text name="rape">
			<en>rape</en>
			<de>raps</de>
		</text>
		
		<text name="sunflower">
			<en>sunflower</en>
			<de>sonnenblume</de>
		</text>
		
		<text name="soybean">
			<en>soybean</en>
			<de>sojabohne</de>
		</text>
		
		<text name="maize">
			<en>maize</en>
			<de>mais</de>
		</text>
		
		<text name="potato">
			<en>potatoe</en>
			<de>kartoffeln</de>
		</text>
		
		<text name="sugarBeet">
			<en>sugarbeet</en>
			<de>zuckerrübe</de>
		</text>
		
		<text name="manure">
			<en>manure</en>
			<de>düngen</de>
		</text>
		
		<text name="liquidManure">
			<en>liquid manure</en>
			<de>gülle</de>
		</text>
		
		<text name="wool">
			<en>wool</en>
			<de>wolle</de>
		</text>
		
		<text name="woodChips">
			<en>woodchips</en>
			<de>holzhackschnitzel</de>
		</text>
				
		<text name="silage">
			<en>silage</en>
			<de>silage</de>
		</text>
		
		<text name="straw">
			<en>straw</en>
			<de>strohhalm</de>
		</text>
		
		<text name="dryGrass_windrow">
			<en>hay</en>
			<de>heu</de>
		</text>
		
		<text name="grass_windrow">
			<en>grass</en>
			<de>gras</de>
		</text>
	</l10n>
		
	<extraSourceFiles>
        <sourceFile filename="pricewatch.lua" />
    </extraSourceFiles>
</modDesc>